Category,Original Skill,With Simplified API,Change,Notes
SIMPLIFIED (API handles it),"PKP Wallet Setup","Thin wrapper or deprecated","REDUCE","If API has one-liner PKP creation this becomes trivial"
SIMPLIFIED (API handles it),"Session Signature Manager","Thin wrapper or deprecated","REDUCE","Simplified API likely handles session management"
SIMPLIFIED (API handles it),"Auth Method Configuration","Thin wrapper or deprecated","REDUCE","API probably streamlines auth config"
SIMPLIFIED (API handles it),"Access Control Conditions","Thin wrapper or deprecated","REDUCE","If declarative ACC builder in API"
SIMPLIFIED (API handles it),"Encrypt/Decrypt Workflows","Thin wrapper or deprecated","REDUCE","Basic encrypt/decrypt likely simplified"
SIMPLIFIED (API handles it),"TypeScript SDK Helper","Less needed","REDUCE","Better SDK = less hand-holding needed"
STILL VALUABLE,"Lit Action Builder","Enhanced - focus on complex actions","KEEP","Building custom logic still needs guidance"
STILL VALUABLE,"Cross-Chain Signing","Enhanced - more chains easier","KEEP","Orchestration across chains still complex"
STILL VALUABLE,"Bridge Orchestration","Enhanced","KEEP","Multi-step cross-chain still needs coordination"
STILL VALUABLE,"Chronicle Manager","Enhanced","KEEP","Capacity credit optimization still valuable"
STILL VALUABLE,"Local Dev Environment","Keep","KEEP","Dev setup still needed"
STILL VALUABLE,"Lit Action Debugger","Keep","KEEP","Debugging always needed"
MORE VALUABLE (Agentic),"Multi-Chain Wallet Manager","Agentic orchestrator","UPGRADE","Becomes autonomous wallet agent"
MORE VALUABLE (Agentic),"PKP DEX Aggregator","Agentic trading agent","UPGRADE","Autonomous best-route execution"
MORE VALUABLE (Agentic),"Yield Optimizer","Agentic yield agent","UPGRADE","Autonomous yield farming"
MORE VALUABLE (Agentic),"Decentralized Limit Orders","Agentic order agent","UPGRADE","Autonomous conditional execution"
MORE VALUABLE (Agentic),"MEV Protection","Agentic MEV agent","UPGRADE","Autonomous protection strategies"
MORE VALUABLE (Agentic),"Token Gated Access","Agentic access control","UPGRADE","Autonomous permission management"
MORE VALUABLE (Agentic),"Key Rotation Strategies","Agentic security agent","UPGRADE","Autonomous key lifecycle"
MORE VALUABLE (Agentic),"Network Health Monitor","Agentic monitoring agent","UPGRADE","Autonomous alerting and response"
NEW AGENTIC,"—","PKP Agent Orchestrator","NEW","Autonomous multi-PKP coordination"
NEW AGENTIC,"—","Cross-Chain Arbitrage Agent","NEW","Autonomous arb detection and execution"
NEW AGENTIC,"—","Lit Action Pipeline Runner","NEW","Chain multiple Lit Actions autonomously"
NEW AGENTIC,"—","Smart Session Manager","NEW","Autonomous session refresh and optimization"
NEW AGENTIC,"—","Capacity Credit Optimizer","NEW","Autonomous credit allocation across operations"
NEW AGENTIC,"—","Security Posture Agent","NEW","Continuous autonomous security monitoring"
